From Year,To Year,Number of Results
1900,1900,"About 29,700 results"
1901,1901,"About 29,000 results"
1902,1902,"About 55,100 results"
1903,1903,"About 36,600 results"
1904,1904,"About 39,300 results"
1905,1905,"About 26,300 results"
1906,1906,"About 48,000 results"
1907,1907,"About 32,800 results"
1908,1908,"About 54,900 results"
1909,1909,"About 39,000 results"
1910,1910,"About 42,600 results"
1911,1911,"About 39,600 results"
1912,1912,"About 34,700 results"
1913,1913,"About 45,700 results"
1914,1914,"About 53,500 results"
1915,1915,"About 41,700 results"
1916,1916,"About 41,200 results"
1917,1917,"About 57,200 results"
1918,1918,"About 36,700 results"
1919,1919,"About 39,700 results"
1920,1920,"About 46,700 results"
1921,1921,"About 54,800 results"
1922,1922,"About 47,700 results"
1923,1923,8 results
1924,1924,"About 31,600 results"
1925,1925,"About 30,000 results"
1926,1926,"About 21,100 results"
1927,1927,"About 20,200 results"
1928,1928,"About 19,400 results"
1929,1929,"About 19,500 results"
1930,1930,"About 23,900 results"
1931,1931,"About 21,700 results"
1932,1932,"About 21,100 results"
1933,1933,"About 19,700 results"
1934,1934,"About 20,500 results"
1935,1935,"About 20,900 results"
1936,1936,"About 19,400 results"
1937,1937,"About 19,500 results"
1938,1938,"About 19,300 results"
1939,1939,"About 21,100 results"
1940,1940,"About 18,600 results"
1941,1941,"About 21,000 results"
1942,1942,"About 23,900 results"
1943,1943,"About 20,700 results"
1944,1944,"About 20,900 results"
1945,1945,"About 22,200 results"
1946,1946,"About 27,300 results"
1947,1947,"About 26,400 results"
1948,1948,"About 30,000 results"
1949,1949,"About 27,400 results"
1950,1950,"About 32,200 results"
1951,1951,"About 30,500 results"
1952,1952,"About 30,900 results"
1953,1953,"About 28,200 results"
1954,1954,"About 27,300 results"
1955,1955,"About 28,700 results"
1956,1956,"About 32,700 results"
1957,1957,"About 33,100 results"
1958,1958,"About 30,200 results"
1959,1959,"About 31,600 results"
1960,1960,"About 36,100 results"
1961,1961,"About 35,000 results"
1962,1962,"About 42,600 results"
1963,1963,"About 40,700 results"
1964,1964,"About 40,700 results"
1965,1965,"About 48,100 results"
1966,1966,"About 54,600 results"
1967,1967,"About 57,600 results"
1968,1968,"About 56,600 results"
1969,1969,"About 53,400 results"
1970,1970,"About 53,900 results"
1971,1971,"About 54,300 results"
1972,1972,"About 55,200 results"
1973,1973,"About 54,700 results"
1974,1974,"About 57,600 results"
1975,1975,"About 56,200 results"
1976,1976,"About 54,100 results"
1977,1977,"About 57,100 results"
1978,1978,"About 56,600 results"
1979,1979,"About 61,400 results"
1980,1980,"About 56,200 results"
1981,1981,"About 54,100 results"
1982,1982,"About 55,500 results"
1983,1983,"About 55,400 results"
1984,1984,"About 60,900 results"
1985,1985,"About 63,200 results"
1986,1986,"About 57,000 results"
1987,1987,"About 60,200 results"
1988,1988,"About 63,000 results"
1989,1989,"About 64,900 results"
1990,1990,"About 62,400 results"
1991,1991,"About 58,700 results"
1992,1992,"About 60,000 results"
1993,1993,"About 65,700 results"
1994,1994,"About 72,500 results"
1995,1995,"About 74,600 results"
1996,1996,"About 69,500 results"
1997,1997,"About 86,500 results"
1998,1998,"About 82,700 results"
1999,1999,"About 89,100 results"
2000,2000,"About 99,300 results"
2001,2001,"About 1,12,000 results"
2002,2002,"About 1,15,000 results"
2003,2003,"About 1,20,000 results"
2004,2004,"About 1,33,000 results"
2005,2005,"About 1,45,000 results"
2006,2006,"About 1,59,000 results"
2007,2007,"About 2,91,000 results"
2008,2008,"About 2,36,000 results"
2009,2009,"About 2,52,000 results"
2010,2010,"About 7,65,000 results"
2011,2011,"About 13,10,000 results"
2012,2012,"About 26,30,000 results"
2013,2013,"About 12,90,000 results"
2014,2014,"About 79,60,000 results"
2015,2015,"About 80,60,000 results"
2016,2016,"About 79,70,000 results"
2017,2017,"About 79,70,000 results"
2018,2018,"About 79,70,000 results"
2019,2019,"About 79,70,000 results"
2020,2020,"About 79,70,000 results"
